{
  "content": [
    {
      "path": "ContentInfo/avasims-mwcr-mwcr-owenroberts/Thumbnail.jpg",
      "size": 13520,
      "date": 132399125780000000
    },
    {
      "path": "MaterialLibs/OR-MATERiALS/Library.xml",
      "size": 15024,
      "date": 132726763119213862
    },
    {
      "path": "MaterialLibs/OR-MATERiALS/textures/10.PNG.DDS",
      "size": 5592580,
      "date": 132713794437255872
    },
    {
      "path": "MaterialLibs/OR-MATERiALS/textures/10.png.DDS.FLAGS",
      "size": 39,
      "date": 132726551622383421
    },
    {
      "path": "MaterialLibs/OR-MATERiALS/textures/10.PNG.DDS.json",
      "size": 221,
      "date": 132713794436994254
    },
    {
      "path": "MaterialLibs/OR-MATERiALS/textures/11.PNG.DDS",
      "size": 5592580,
      "date": 132713794417163142
    },
    {
      "path": "MaterialLibs/OR-MATERiALS/textures/11.png.DDS.FLAGS",
      "size": 39,
      "date": 132720729866283062
    },
    {
      "path": "MaterialLibs/OR-MATERiALS/textures/11.PNG.DDS.json",
      "size": 221,
      "date": 132713794416972939
    },
    {
      "path": "MaterialLibs/OR-MATERiALS/textures/12.PNG.DDS",
      "size": 5592580,
      "date": 132713794431916030
    },
    {
      "path": "MaterialLibs/OR-MATERiALS/textures/12.png.DDS.FLAGS",
      "size": 39,
      "date": 132720729866322951
    },
    {
      "path": "MaterialLibs/OR-MATERiALS/textures/12.PNG.DDS.json",
      "size": 221,
      "date": 132713794430347584
    },
    {
      "path": "MaterialLibs/OR-MATERiALS/textures/13.PNG.DDS",
      "size": 5592580,
      "date": 132713794410415937
    },
    {
      "path": "MaterialLibs/OR-MATERiALS/textures/13.png.DDS.FLAGS",
      "size": 39,
      "date": 132720729859499979
    },
    {
      "path": "MaterialLibs/OR-MATERiALS/textures/13.PNG.DDS.json",
      "size": 221,
      "date": 132713794410236417
    },
    {
      "path": "MaterialLibs/OR-MATERiALS/textures/14.PNG.DDS",
      "size": 5592580,
      "date": 132713794442990414
    },
    {
      "path": "MaterialLibs/OR-MATERiALS/textures/14.png.DDS.FLAGS",
      "size": 39,
      "date": 132720729866366759
    },
    {
      "path": "MaterialLibs/OR-MATERiALS/textures/14.PNG.DDS.json",
      "size": 221,
      "date": 132713794442791406
    },
    {
      "path": "MaterialLibs/OR-MATERiALS/textures/1INW.PNG.DDS",
      "size": 1556916,
      "date": 132626628680053451
    },
    {
      "path": "MaterialLibs/OR-MATERiALS/textures/1inw.png.DDS.FLAGS",
      "size": 39,
      "date": 132720729866346814
    },
    {
      "path": "MaterialLibs/OR-MATERiALS/textures/1INW.PNG.DDS.json",
      "size": 221,
      "date": 132626628679906481
    },
    {
      "path": "MaterialLibs/OR-MATERiALS/textures/1PARK.PNG.DDS",
      "size": 1556916,
      "date": 132626628668654805
    },
    {
      "path": "MaterialLibs/OR-MATERiALS/textures/1park.png.DDS.FLAGS",
      "size": 39,
      "date": 132726552193853086
    },
    {
      "path": "MaterialLibs/OR-MATERiALS/textures/1PARK.PNG.DDS.json",
      "size": 221,
      "date": 132626628668654805
    },
    {
      "path": "MaterialLibs/OR-MATERiALS/textures/26-083.PNG.DDS",
      "size": 213876,
      "date": 132705431311986196
    },
    {
      "path": "MaterialLibs/OR-MATERiALS/textures/26-083.png.DDS.FLAGS",
      "size": 39,
      "date": 132726566582529588
    },
    {
      "path": "MaterialLibs/OR-MATERiALS/textures/26-083.PNG.DDS.json",
      "size": 248,
      "date": 132705431311966251
    },
    {
      "path": "MaterialLibs/OR-MATERiALS/textures/7TO1.PNG.DDS",
      "size": 1556916,
      "date": 132626628664002733
    },
    {
      "path": "MaterialLibs/OR-MATERiALS/textures/7to1.png.DDS.FLAGS",
      "size": 39,
      "date": 132720729866273089
    },
    {
      "path": "MaterialLibs/OR-MATERiALS/textures/7TO1.PNG.DDS.json",
      "size": 238,
      "date": 132626628663852776
    },
    {
      "path": "MaterialLibs/OR-MATERiALS/textures/8FOR.PNG.DDS",
      "size": 1556916,
      "date": 132626628670458881
    },
    {
      "path": "MaterialLibs/OR-MATERiALS/textures/8for.png.DDS.FLAGS",
      "size": 39,
      "date": 132720729866302999
    },
    {
      "path": "MaterialLibs/OR-MATERiALS/textures/8FOR.PNG.DDS.json",
      "size": 238,
      "date": 132626628670353813
    },
    {
      "path": "MaterialLibs/OR-MATERiALS/textures/9.2.PNG.DDS",
      "size": 5592580,
      "date": 132713794448375200
    },
    {
      "path": "MaterialLibs/OR-MATERiALS/textures/9.2.png.DDS.FLAGS",
      "size": 39,
      "date": 132720729866376735
    },
    {
      "path": "MaterialLibs/OR-MATERiALS/textures/9.2.PNG.DDS.json",
      "size": 221,
      "date": 132713794448187734
    },
    {
      "path": "MaterialLibs/OR-MATERiALS/textures/HEAVYSING.PNG.DDS",
      "size": 1556916,
      "date": 132632438713728211
    },
    {
      "path": "MaterialLibs/OR-MATERiALS/textures/HEAVYsing.png.DDS.FLAGS",
      "size": 39,
      "date": 132720729866312977
    },
    {
      "path": "MaterialLibs/OR-MATERiALS/textures/HEAVYSING.PNG.DDS.json",
      "size": 221,
      "date": 132632438713668366
    },
    {
      "path": "MaterialLibs/OR-MATERiALS/textures/LA.PNG.DDS",
      "size": 1556916,
      "date": 132626628675153118
    },
    {
      "path": "MaterialLibs/OR-MATERiALS/textures/La.png.DDS.FLAGS",
      "size": 39,
      "date": 132720729866332921
    },
    {
      "path": "MaterialLibs/OR-MATERiALS/textures/LA.PNG.DDS.json",
      "size": 221,
      "date": 132626628675054531
    },
    {
      "path": "MaterialLibs/OR-MATERiALS/textures/MAXSPANSIGN.PNG.DDS",
      "size": 1556916,
      "date": 132632438715742807
    },
    {
      "path": "MaterialLibs/OR-MATERiALS/textures/maxspansign.png.DDS.FLAGS",
      "size": 39,
      "date": 132720729866356787
    },
    {
      "path": "MaterialLibs/OR-MATERiALS/textures/MAXSPANSIGN.PNG.DDS.json",
      "size": 221,
      "date": 132632438715682969
    },
    {
      "path": "MaterialLibs/OR-MATERiALS/textures/PA2A.PNG.DDS",
      "size": 1556916,
      "date": 132626628689457559
    },
    {
      "path": "MaterialLibs/OR-MATERiALS/textures/PA2A.png.DDS.FLAGS",
      "size": 39,
      "date": 132720729866386707
    },
    {
      "path": "MaterialLibs/OR-MATERiALS/textures/PA2A.PNG.DDS.json",
      "size": 221,
      "date": 132626628689361327
    },
    {
      "path": "MaterialLibs/OR-MATERiALS/textures/PAK3.PNG.DDS",
      "size": 1556916,
      "date": 132626628672754098
    },
    {
      "path": "MaterialLibs/OR-MATERiALS/textures/PAK3.png.DDS.FLAGS",
      "size": 39,
      "date": 132720729866322951
    },
    {
      "path": "MaterialLibs/OR-MATERiALS/textures/PAK3.PNG.DDS.json",
      "size": 221,
      "date": 132626628672453709
    },
    {
      "path": "MaterialLibs/OR-MATERiALS/textures/PAK5.PNG.DDS",
      "size": 1556916,
      "date": 132626628682355449
    },
    {
      "path": "MaterialLibs/OR-MATERiALS/textures/pak5.png.DDS.FLAGS",
      "size": 39,
      "date": 132720729866346814
    },
    {
      "path": "MaterialLibs/OR-MATERiALS/textures/PAK5.PNG.DDS.json",
      "size": 221,
      "date": 132626628682254372
    },
    {
      "path": "MaterialLibs/OR-MATERiALS/textures/PAK6.PNG.DDS",
      "size": 1556916,
      "date": 132626628666553474
    },
    {
      "path": "MaterialLibs/OR-MATERiALS/textures/pak6.png.DDS.FLAGS",
      "size": 39,
      "date": 132720729866293036
    },
    {
      "path": "MaterialLibs/OR-MATERiALS/textures/PAK6.PNG.DDS.json",
      "size": 221,
      "date": 132626628666502740
    },
    {
      "path": "MaterialLibs/OR-MATERiALS/textures/PAK7.PNG.DDS",
      "size": 1556916,
      "date": 132626628687057809
    },
    {
      "path": "MaterialLibs/OR-MATERiALS/textures/pak7.png.DDS.FLAGS",
      "size": 39,
      "date": 132720729866376735
    },
    {
      "path": "MaterialLibs/OR-MATERiALS/textures/PAK7.PNG.DDS.json",
      "size": 220,
      "date": 132626628686953169
    },
    {
      "path": "MaterialLibs/OR-MATERiALS/textures/PAK8.PNG.DDS",
      "size": 1556916,
      "date": 132626628662153011
    },
    {
      "path": "MaterialLibs/OR-MATERiALS/textures/pak8.png.DDS.FLAGS",
      "size": 39,
      "date": 132720729866253454
    },
    {
      "path": "MaterialLibs/OR-MATERiALS/textures/PAK8.PNG.DDS.json",
      "size": 221,
      "date": 132626628662054937
    },
    {
      "path": "MaterialLibs/OR-MATERiALS/textures/PARK2.PNG.DDS",
      "size": 1556916,
      "date": 132626628684753535
    },
    {
      "path": "MaterialLibs/OR-MATERiALS/textures/PARK2.png.DDS.FLAGS",
      "size": 39,
      "date": 132720729866366759
    },
    {
      "path": "MaterialLibs/OR-MATERiALS/textures/PARK2.PNG.DDS.json",
      "size": 221,
      "date": 132626628684553796
    },
    {
      "path": "MaterialLibs/OR-MATERiALS/textures/PARK4.PNG.DDS",
      "size": 1556916,
      "date": 132626628677604382
    },
    {
      "path": "MaterialLibs/OR-MATERiALS/textures/park4.png.DDS.FLAGS",
      "size": 39,
      "date": 132720729866336826
    },
    {
      "path": "MaterialLibs/OR-MATERiALS/textures/PARK4.PNG.DDS.json",
      "size": 220,
      "date": 132626628677502773
    },
    {
      "path": "MaterialLibs/OR-MATERiALS/textures/REDDDDDDDDDDDDDD.PNG.DDS",
      "size": 2766372,
      "date": 132630698301453816
    },
    {
      "path": "MaterialLibs/OR-MATERiALS/textures/redddddddddddddd.png.DDS.FLAGS",
      "size": 39,
      "date": 132720729866263106
    },
    {
      "path": "MaterialLibs/OR-MATERiALS/textures/REDDDDDDDDDDDDDD.PNG.DDS.json",
      "size": 227,
      "date": 132630698301365847
    },
    {
      "path": "MaterialLibs/OR-MATERiALS/textures/TAAXILI2NE.PNG.DDS",
      "size": 5592580,
      "date": 132713794424532262
    },
    {
      "path": "MaterialLibs/OR-MATERiALS/textures/TAAXILI2NE.png.DDS.FLAGS",
      "size": 39,
      "date": 132720729866293036
    },
    {
      "path": "MaterialLibs/OR-MATERiALS/textures/TAAXILI2NE.PNG.DDS.json",
      "size": 232,
      "date": 132713794424331815
    },
    {
      "path": "scenery/CVX2222.bgl",
      "size": 1562,
      "date": 132729043175557987
    },
    {
      "path": "scenery/mwcr-scene.bgl",
      "size": 169511,
      "date": 132729043175482944
    }
  ]
}